[
{"Name" : "Clay", "Text" : "Saludos Guardian, soy un recolector de basura!  hoy encontré una tostadora oxidada y una llanta de bicicleta. ¡Un tesoro!"},
{"Name" : "Clay", "Text" : "¿Sabes qué es lo bueno de la basura? Nunca te deja, siempre está ahí para ti. Siempre puedes contar con ella para hacerte compañía y, lo mejor de todo, nunca te pedirá que la cuides o la alimentes. Es como tener una mascota, ¡pero sin todo el trabajo!"},
{"Name" : "Clay", "Text" : "Es importante reciclar y reducir el desperdicio. ¡Estoy haciendo mi parte para salvar el planeta!"}
]
