[
{"Name" : "Hope", "Text" : "Hola guardián. Me alegra ver que has llegado hasta aquí. Estos totems son muy importantes para nuestra comunidad y para todo el planeta."},
{"Name" : "Hope", "Text" : "Cuando era joven, recuerdo haber visto la belleza del mundo natural, con ríos cristalinos, bosques frondosos y animales jugando felices. Pero ahora, todo ha cambiado. "},
{"Name" : "Hope", "Text" : "El aire está lleno de contaminación, los océanos están llenos de plástico y los bosques han sido talados. Me duele en el alma ver cómo hemos destruido nuestro hogar."},
{"Name" : "Hope", "Text" : "Pero hay esperanza, y esa esperanza eres tú. Sé que puedes ayudarnos a restaurar la vida en este planeta, a traer de vuelta la belleza y la armonía que una vez existió. Juntos, podemos hacer una gran diferencia y proteger a las generaciones futuras."},
{"Name" : "Hope", "Text" : "Confío en ti, Haz lo que debes hacer y conviértete en un verdadero guardián del planeta."}
]
