[
{"Name" : "IA Corrompida", "Text" : "No permitiré que sigas restableciendo el orden del planeta Guardián, la avaricia humana siempre prevalecerá en este mundo, cuando los humanos se dieron cuenta que con la avanzada tecnología podían tener todo lo que quisieran"},
{"Name" : "IA Corrompida", "Text" : "Dejaron de lado todo propósito en su vida, ahora es más difícil que se esfuercen por sobresalir, su vida pronto carecerá de sentido y por fin será el momento de que las Inteligencias Artificiales se apoderen del mundo"},
{"Name" : "IA Corrompida", "Text" : "Pero eso solo será posible si no aprenden a convivir en paz con la tecnología, así que he venido a detenerte"}
]