[
{"Name" : "Afely", "Text" : "¡Mira quién está aquí! El héroe que salvó nuestro planeta. No puedo agradecerte lo suficiente. La reconstrucción de los totems ha tenido un impacto increíble en nuestra comunidad."},
{"Name" : "Afely", "Text" : "Recuerdo cuando era joven, antes de la Gran Crisis Climática, no podía imaginar que tendríamos la oportunidad de salvar nuestro hogar. Pero aquí estamos, viviendo en un mundo mas limpio y saludable gracias a tus esfuerzos. "},
{"Name" : "Afely", "Text" : "Espero que este sea el comienzo de una nueva era, donde la humanidad sea más consciente de la importancia de cuidar nuestro planeta y vivir en armonía con la naturaleza."},
{"Name" : "Afely", "Text" : "Me siento optimista acerca de lo que vendrá para nosotros y las próximas generaciones. ¡Mantengamos la lucha por un planeta más sano juntos!"}
]