[
{"Name" : "Afely", "Text" : "Bienvenido Guardian, Soy Afely, lider de mi comunidad. Me alegra que estés aquí para ayudarnos a salvar nuestro planeta. Tengo una visión para nuestro futuro, y creo que tú puedes ayudarnos a alcanzarla."},
{"Name" : "Afely", "Text" : "Ayudanos a construir los totems recolectando los recursos necesarios para cada totem, si trabajamos juntos para construirlos, podremos ayudar a sanar nuestro planeta y asegurarnos de que las generaciones futuras tengan un lugar habitable para vivir."},
{"Name" : "Afely", "Text" : "¡Consigue todos los recursos y llevalos a los totems guardian! ¡Que comience la misión para salvar la tierra!"}
]
