[
{"Name" : "Zephyr", "Text" : "¡Hola! Soy Zephyr, nosotros en la comunidad de los cielos somos los mejores en todo lo relacionado con el aire."},
{"Name" : "Zephyr", "Text" : "Hacemos los mejores cerfvolantes, construimos los edificios más altos y somos los más rápidos. Pero ahora que lo pienso, necesitamos un poco de ayuda con el aire. Es decir, ¿de qué sirve tener los mejores cerfvolantes si no hay aire limpio para volar?"},
{"Name" : "Zephyr", "Text" : "Ahí es donde entras tú, nuestro héroe. ¡Asegúrate de que el aire esté limpio y listo para que podamos volar alto y rápido de nuevo!"},
{"Name" : "Zephyr", "Text" : "¿Quieres saber más sobre mi comunidad? Somos un grupo de personas creativas y apasionadas que vivimos en la cima de las montañas. "},
{"Name" : "Zephyr", "Text" : "Nos encanta la adrenalina y el riesgo, pero también nos tomamos muy en serio la protección de nuestro hogar. Siempre estamos buscando nuevas formas de mejorar nuestras vidas y el mundo que nos rodea. Y con tu ayuda, ¡podemos hacer aún más!"},
{"Name" : "Zephyr", "Text" : "Si te preguntas qué es un cerfvolante, ¡Pues son cometas volantes en forma de ciervo! Van rapidísimo y podemos llegar a cualquier punto del planeta en cuestión de minutos con ellos."}
]
