[
{"Name" : "", "Text" : "En el año 2050, Latinoamérica ha logrado superar muchos de sus desafíos actuales y ha alcanzado un alto nivel de desarrollo tecnológico gracias a las inteligencias artificiales."},
{"Name" : "", "Text" : "Lo cual llevó a una profunda transformación social, cultural y tecnológica. Sin embargo, a medida que la humanidad ha avanzado, también ha dejado una huella destructiva en el medio ambiente."},
{"Name" : "", "Text" : "La contaminación debido a la explotación desmedida de los recursos naturales han llevado al borde del colapso a muchos ecosistemas y comunidades enteras."},
{"Name" : "", "Text" : "Y el cambio climático se hizo cada vez más evidente, obligando a la sociedad a adaptarse y buscar soluciones innovadoras."},
{"Name" : "", "Text" : "Las inteligencias artificiales crearon guardianes al ver que el planeta estaba siendo destruido ecológicamente."},
{"Name" : "", "Text" : "Tu misión será explorar el planeta obteniendo recursos para construir los artefactos sagrados que restauraran el equilibrio al planeta."},
{"Name" : "", "Text" : "¡Mucha suerte guardián! ¡Restaura el equilibrio del planeta para las generaciones futuras!"}
]
